userId,movieId,rating,timestamp,title
15,6385,1.5,1084489293,Unknown
15,6433,3.0,1465793939,Unknown
15,6440,3.5,1054449659,The Shipping News
15,6442,3.5,1055439392,Unknown
15,6464,2.5,1056617566,Unknown
15,6502,3.5,1058249439,Unknown
15,6503,2.5,1134521973,Unknown
15,6534,2.0,1061496778,Unknown
15,6537,2.5,1058249457,The Orphanage
15,6539,3.5,1061496766,Unknown
15,6547,1.0,1061496761,Schtonk!
15,6552,1.5,1082220233,Idle Hands
15,6586,3.0,1416119958,Unknown
15,6593,1.0,1096005208,Godzilla vs. Mechagodzilla II
15,6620,1.5,1082220241,Sabrina
15,6641,4.0,1093028561,Love and Other Disasters
15,6650,3.5,1120209771,Unknown
15,6708,2.0,1082220217,Unknown
15,6711,3.5,1065197251,Unknown
15,6754,0.5,1425876028,Unknown
15,6773,1.0,1465881072,Unknown
15,6783,2.0,1082220258,Unknown
15,6787,5.0,1120209297,Unknown
15,6816,4.0,1096005320,Unknown
15,6820,2.5,1067797435,Unknown
15,6863,2.0,1082220208,Unknown
15,6867,3.5,1093981691,Unknown
15,6870,3.5,1068955127,Unknown
15,6873,1.0,1096005187,Unknown
15,6874,1.0,1067797349,Unknown
15,6875,1.0,1096005180,Unknown
15,6879,2.5,1416119807,Unknown
15,6885,1.0,1465954640,Unknown
15,6932,4.5,1075142920,Unknown
15,6934,1.5,1338699263,Yesterday
15,6936,1.0,1075142924,Ben X
15,6942,3.0,1088621558,Unknown
15,6944,4.0,1465794270,Unknown
15,6947,1.0,1347936706,The Village
15,6953,2.0,1083003232,Unknown
15,6957,4.0,1222576385,The 40 Year Old Virgin
15,6961,2.5,1240203829,The Wedding Date
15,6975,4.0,1093028559,Unknown
15,6978,2.5,1097770851,Big Trouble in Little China
15,6979,3.0,1257734253,Unknown
15,6989,2.5,1348976559,Unknown
15,7003,2.0,1367800233,Unknown
15,7004,2.5,1374637760,Unknown
15,7008,3.5,1240203970,The Wilby Conspiracy
15,7010,3.5,1465954687,The Wild Geese
15,7028,3.5,1132469120,Unknown
15,7034,4.5,1443384409,Unknown
15,7090,3.0,1120209290,Ken Park
15,7123,3.5,1347936794,Unknown
15,7132,3.0,1096005056,Unknown
15,7143,2.0,1088621554,Unknown
15,7147,1.5,1088621484,Unknown
15,7153,1.5,1075142916,Unknown
15,7156,3.0,1120209458,Unknown
15,7162,1.0,1075142909,Unknown
15,7173,0.5,1416119886,Unknown
15,7199,1.0,1096005109,Unknown
15,7254,1.0,1166587408,Unknown
15,7265,3.5,1193435338,Unknown
15,7293,1.0,1093028019,Unknown
15,7317,3.0,1082220195,Unknown
15,7323,2.0,1222576372,Unknown
15,7325,0.5,1416119755,Unknown
15,7327,1.5,1082220223,Unknown
15,7346,3.0,1465954961,Sparrow
15,7348,2.0,1093028001,Robinson Crusoe on Mars
15,7361,5.0,1082220175,Unknown
15,7371,1.0,1097770844,Unknown
15,7373,1.5,1134521979,Unknown
15,7438,0.5,1093981610,Unknown
15,7444,1.0,1425876074,Unknown
15,7445,1.5,1416119694,Brothers
15,7451,3.5,1416119705,xXx
15,7458,1.5,1166587430,Unknown
15,7484,4.0,1338698422,Open Season
15,7487,1.5,1240203696,Unknown
15,7560,3.5,1093070784,Unknown
15,7569,3.5,1345397687,Unknown
15,7573,2.5,1345398305,Unknown
15,7698,3.0,1345381192,Unknown
15,7792,2.5,1345397672,Unknown
15,7925,3.0,1096005042,Unknown
15,8011,2.0,1093027976,Highlander: The Final Dimension
15,8264,4.0,1465793979,Unknown
15,8360,2.5,1134522006,Unknown
15,8361,4.0,1093027865,Unknown
15,8366,2.5,1088621517,Manitou's Shoe
15,8368,1.5,1163876352,The Garden of Eden
15,8376,2.5,1166587363,Unknown
15,8464,3.0,1416119547,Top of the Food Chain
15,8528,1.0,1122576284,Unknown
15,8529,1.5,1257734240,Unknown
15,8531,1.5,1465880288,Unknown
15,8581,2.5,1361078268,Unknown
15,8582,3.5,1120209740,Unknown
15,8622,3.5,1163876408,Unknown
15,8623,3.0,1096005049,Unknown
15,8636,3.0,1093027850,Unknown
15,8638,4.0,1128274489,Unknown
15,8641,3.0,1349622612,Unknown
15,8644,1.0,1163876378,Unknown
15,8645,2.0,1120210020,The Happening
15,8665,3.5,1093027853,K-19: The Widowmaker
15,8781,0.5,1416119915,Unknown
15,8784,2.0,1134521997,Unknown
15,8798,3.0,1166586987,Unknown
15,8807,2.5,1349622634,Unknown
15,8865,1.0,1166981777,Unknown
15,8874,2.5,1122925517,My Best Friend's Wedding
15,8910,2.5,1120210034,Unknown
15,8914,4.5,1101423864,Deep Blue Sea
15,8917,4.0,1465880526,Unknown
15,8930,2.5,1166585434,Modern Life
15,8948,1.0,1166981765,The Pearl Color
15,8949,4.5,1120209300,Unknown
15,8950,2.0,1357110243,Unknown
15,8957,3.0,1134522096,Unknown
15,8958,3.5,1134522079,Unknown
15,8961,2.0,1101423869,Bad Boys II
15,8970,2.0,1163876370,The Out-of-Towners
15,8972,3.5,1374637712,Unknown
15,8974,2.5,1374637844,The War of the Worlds
15,8984,2.0,1166981834,Disclosure
15,26131,5.0,1222575895,Straight From the Heart
15,26152,4.0,1134521251,Erreur de la banque en votre faveur
15,26587,5.0,1416120087,Dread
15,26729,4.5,1166585398,Unknown
15,26810,2.0,1166587331,A Common Thread
15,27020,2.5,1240203954,Unknown
15,27478,2.5,1349622724,Unknown
15,27660,4.0,1166587397,Unknown
15,27773,1.0,1134521148,Unknown
15,27821,1.0,1348976609,Unknown
15,27846,4.0,1120209293,Unknown
15,27904,2.5,1347936774,Syndromes and a Century
15,30707,1.5,1127035004,Star 80
15,30749,2.0,1120208607,Unknown
15,30810,1.5,1136904803,Olga's House of Shame
15,30812,0.5,1416119604,Unknown
15,30825,1.5,1416119717,Unknown
15,31685,0.5,1361831527,The Hunchback of Notre Dame
15,31696,3.5,1127035028,A Kiss Before Dying
15,32587,3.5,1136087271,Unknown
15,33004,0.5,1127035016,Unknown
15,33154,3.5,1338702522,Unknown
15,33166,3.5,1132469115,Downhill Racer
15,33493,5.0,1132469077,Unknown
15,33679,3.5,1136904851,Unknown
15,33794,4.5,1120208603,Unknown
15,34048,0.5,1316395912,Unknown
15,34072,1.5,1361078474,Unknown
15,34150,1.0,1416119744,Unknown
15,34162,1.0,1141391741,Unknown
15,34319,1.0,1316395893,Unknown
15,34334,1.5,1367765144,That Night
15,34405,0.5,1357110418,Unknown
15,34542,3.5,1141391837,Unknown
15,35836,3.0,1135737540,Unknown
15,35957,2.5,1141391844,Dial 1119
15,36517,1.5,1138537176,Unknown
15,36529,1.0,1416119600,Metamorphosis
15,37386,2.0,1465954599,Unknown
15,37729,2.0,1141391812,Unknown
15,37741,2.5,1425876066,Unknown
15,38061,4.5,1222576339,Anybody's Son Will Do
15,38886,1.5,1338698465,Unknown
15,39292,4.5,1166587434,Unknown
15,40583,2.0,1416119810,Unknown
15,40815,1.5,1416119662,On Guard
15,41997,2.5,1258259502,Unknown
15,42718,4.5,1348976510,The Pornographers
15,44004,1.0,1465880318,Hero at Large
15,44191,2.5,1240211404,Loose Screws
15,44195,2.0,1222576358,Unknown
15,44199,4.0,1222575879,Unknown
15,44555,1.0,1465794625,"A Woman, a Gun and a Noodle Shop"
15,44597,2.5,1316408165,Unknown
15,44665,1.0,1240211399,Unknown
15,44761,1.5,1357109999,Unknown
15,44788,4.0,1465793925,Unknown
15,45186,2.5,1316396016,Big Bad Mama
15,45447,1.0,1425876007,Unknown
15,45499,2.5,1338698829,Unknown
15,45517,0.5,1416119707,Unknown
15,45666,4.0,1374637848,Unknown
15,45672,1.5,1465794277,Unknown
15,45720,1.5,1416119790,Unknown
15,45722,2.0,1416120304,Don't Look Down
15,45728,0.5,1416119889,Unknown
15,45950,3.0,1169616283,Unknown
15,46530,0.5,1338699292,Unknown
15,46578,1.0,1338702417,Cheerleaders' Wild Weekend
15,46723,2.0,1367800237,Unknown
15,46970,2.0,1416119963,Unknown
15,46972,3.5,1374637631,Big Girls Don't Cry... They Get Even
15,46976,3.5,1222576367,Wish You Were Here
15,47610,1.5,1245382906,Gravity
15,47999,2.5,1465793916,Unknown
15,48043,0.5,1416119898,Unknown
15,48082,1.0,1347937644,Unknown
15,48385,4.0,1257734226,Indestructible Man
15,48394,1.5,1348976680,Unknown
15,48516,3.0,1222575856,Unknown
15,48774,4.0,1240211394,Unknown
15,48780,4.0,1222578045,Boat
15,49272,4.0,1222578063,Unknown
15,49278,2.5,1316395906,Unknown
15,49286,2.5,1465880683,Unknown
15,50851,3.5,1443384396,Unknown
15,50872,3.5,1245361883,Unknown
15,51080,4.5,1222578101,Unknown
15,51255,1.5,1222576350,Unknown
15,51540,5.0,1222578057,Horrible Bosses
15,51662,2.0,1347936470,Unknown
15,52245,1.5,1349622540,Unknown
15,52328,1.5,1347936786,Unknown
15,52604,2.0,1443384826,Unknown
15,52722,1.5,1338699286,Unknown
15,52973,3.5,1349622826,Unknown
15,53322,3.5,1425876037,Unknown
15,53464,1.5,1443385025,Unknown
15,53894,2.5,1338702524,Unknown
15,53972,3.0,1338698806,Unknown
15,53996,4.0,1257734285,Unknown
15,54001,2.0,1416119677,The Traveler
15,54272,1.0,1425875994,Adventures of Zatôichi
15,54286,2.5,1258259468,Unknown
15,54372,4.5,1238804101,Unknown
15,54503,3.5,1338698617,The Mystery of Chess Boxing
15,54881,4.5,1361078498,Unknown
15,55247,1.0,1416120041,Unknown
15,55269,1.0,1374638435,Unknown
15,55276,3.5,1222578076,Unknown
15,55442,2.5,1416119972,Unknown
15,55765,2.0,1361078252,Righteous Ties
15,55820,2.0,1338698362,Unknown
15,55830,2.5,1443384839,Unknown
15,56174,1.0,1416119594,Unknown
15,56367,2.0,1374638451,Unknown
15,56563,4.0,1465793961,Unknown
15,56775,3.0,1443385030,Unknown
15,56782,1.0,1416119686,Unknown
15,57368,1.5,1425876060,Unknown
15,57640,4.0,1216576560,Unknown
15,57669,1.5,1338702423,Unknown
15,58025,1.0,1338698854,Unknown
15,58295,1.5,1347936713,Unknown
15,58559,4.5,1222024895,Confession of a Child of the Century
15,58998,1.5,1240203919,Unknown
15,59126,4.0,1465793918,The Holy Modal Rounders: Bound to Lose
15,59315,4.5,1216576545,Unknown
15,59369,2.5,1347936669,Unknown
15,59519,3.5,1216576555,Unknown
15,59615,1.0,1338698814,Unknown
15,59784,3.5,1357110059,Unknown
15,59900,1.5,1349622715,Unknown
15,60037,0.5,1216576611,Unknown
15,60040,3.0,1216576596,Unknown
15,60069,4.5,1216576570,Unknown
15,60072,1.0,1316396154,Unknown
15,60074,1.0,1416119795,Unknown
15,60126,1.0,1361831545,Unknown
15,60295,3.5,1316395628,Unknown
15,60684,4.0,1238801478,Unknown
15,60766,3.5,1240211388,Unknown
15,61024,1.0,1357110065,Unknown
15,61132,2.0,1222024906,Unknown
15,61323,1.0,1257734243,Unknown
15,61394,2.0,1349622731,Unknown
15,62374,3.5,1367764780,Unknown
15,62434,3.5,1443384812,Unknown
15,62511,4.5,1367800217,Unknown
15,63082,0.5,1357110411,Unknown
15,63113,3.5,1245309336,Unknown
15,63131,2.0,1338698608,Unknown
15,63859,3.0,1348976367,Pufnstuf
15,64620,2.0,1245021120,Unknown
15,64839,1.0,1416119731,Unknown
15,64957,1.5,1416119711,Unknown
15,65642,4.5,1357110430,The Story of a Cheat
15,65802,0.5,1465880993,Unknown
15,66097,3.0,1238804089,Unknown
15,66130,1.5,1240202854,Unknown
15,66203,1.0,1465880257,Unknown
15,66596,1.5,1465880651,Unknown
15,66665,3.0,1257733143,Unknown
15,66934,0.5,1338698623,Unknown
15,67087,1.5,1426110601,Curtains
15,67193,1.5,1257733150,Unknown
15,67665,3.5,1245021164,Unknown
15,67734,1.5,1374638441,Unknown
15,67997,4.0,1338702402,Unknown
15,68157,3.0,1338698899,Unknown
15,68159,4.0,1245021148,Unknown
15,68237,3.5,1338698337,Unknown
15,68319,2.0,1316396161,Unknown
15,68324,1.0,1465954712,Unknown
15,68358,4.5,1245021136,Unknown
15,68791,4.0,1316396225,Unknown
15,68793,3.0,1374637633,Unknown
15,68954,2.0,1338698886,Longitude
15,69122,1.0,1338702414,Unknown
15,69306,2.0,1389440855,Unknown
15,69406,1.0,1361831532,Rio Sex Comedy
15,69436,0.5,1465880996,Unknown
15,69481,4.5,1338698471,Unknown
15,69524,4.0,1458506351,Unknown
15,69526,3.0,1257733119,The Assassination Bureau
15,70286,5.0,1257734187,Unknown
15,70293,3.5,1261945002,Unknown
15,70336,4.5,1316395878,Unknown
15,70697,2.5,1374637773,Unknown
15,70862,2.5,1465793997,American Grindhouse
15,71211,3.5,1257734180,Unknown
15,71264,1.5,1465794388,Unknown
15,71282,2.5,1465793912,China Seas
15,71462,3.0,1465793920,Unknown
15,71464,2.0,1257735545,Unknown
15,71535,1.0,1425876002,Unknown
15,71838,2.0,1465880969,Unknown
15,72011,2.5,1338702430,Unknown
15,72226,1.5,1338698882,Unknown
15,72378,1.0,1357110070,Unknown
15,72998,4.0,1261944230,Unknown
15,73017,1.0,1273090173,Unknown
15,73344,3.5,1316395633,Unknown
15,74458,0.5,1338698316,Mere Brother Ki Dulhan
15,74649,4.0,1338702442,Unknown
15,74795,1.5,1367764758,Unknown
15,74851,0.5,1361831555,Unknown
15,76077,2.0,1458506610,Unknown
15,76093,4.0,1273090169,Unknown
15,76251,3.0,1273090163,Unknown
15,76293,3.0,1361831522,Unknown
15,76738,2.5,1379040852,Unknown
15,77364,2.5,1367765175,Unknown
15,77455,4.0,1367801385,Unknown
15,77561,1.0,1316395588,EVA
15,78209,3.0,1458506646,Unknown
15,78469,3.0,1316395983,Unknown
15,78499,2.0,1338698896,Unknown
15,78574,4.5,1443384445,Unknown
15,79057,2.5,1367765128,Unknown
15,79132,5.0,1316395554,Unknown
15,79185,2.5,1458506381,Unknown
15,79242,2.5,1465880302,Unknown
15,79293,1.5,1349048062,Unknown
15,79428,1.0,1349622587,Unknown
15,79695,0.5,1367765181,Unknown
15,79702,1.5,1338698870,Unknown
15,80126,1.0,1465794431,Unknown
15,80185,3.0,1374638009,Unknown
15,80463,2.0,1361078260,Unknown
15,80489,4.0,1316395567,Unknown
15,80862,2.5,1465793930,Unknown
15,80906,4.0,1361078281,Unknown
15,81158,3.0,1367801466,Unknown
15,81191,3.0,1374638035,Unknown
15,81229,3.5,1348976539,Hacker
15,81591,1.0,1338698369,Unknown
15,81782,3.0,1316395900,Kurukshetra
15,81834,2.0,1458506571,Unknown
15,81845,3.0,1367801474,Unknown
15,81847,1.0,1338698918,The Dawn Patrol
15,81932,3.0,1338698461,Unknown
15,82461,3.0,1316396252,Unknown
15,82854,0.5,1465880518,Unknown
15,83270,1.0,1361078285,Unknown
15,83293,3.5,1367801456,Unknown
15,83349,1.0,1316396136,Unknown
15,83613,0.5,1367765123,Hellgate
15,83827,4.0,1425875865,In the Darkness of the Night
15,84152,3.0,1345381190,Dollman vs. Demonic Toys
15,84374,2.5,1465880243,Unknown
15,84392,2.5,1367801369,Unknown
15,84954,1.0,1347936749,Secrets of a Soul
15,85414,4.0,1316395607,Brake
15,85774,4.0,1367801387,Unknown
15,86190,1.5,1348976211,Adventures Of A Taxi Driver
15,86332,1.0,1316395573,The Redeemer: Son of Satan!
15,86644,1.5,1338698824,Unknown
15,86781,5.0,1316395597,Unknown
15,86833,4.0,1458506593,Unknown
15,86882,2.5,1458506580,Unknown
15,86898,3.5,1458507263,Unknown
15,86911,0.5,1458505901,Unknown
15,87222,4.0,1458506624,Unknown
15,87232,1.5,1316395580,Unknown
15,87304,0.5,1374638031,Unknown
15,87306,1.0,1347936763,Unknown
15,87430,0.5,1338698810,Unknown
15,87485,1.0,1458507259,Unknown
15,87520,4.5,1316396021,Unknown
15,87869,2.5,1458506136,Unknown
15,87930,2.0,1443385461,Unknown
15,88125,3.0,1416120053,Unknown
15,88129,2.5,1338698356,Unknown
15,88140,1.0,1348976202,Unknown
15,88163,3.5,1386367929,Unknown
15,88356,1.5,1316408269,Unknown
15,88744,4.5,1316395487,The Woman with the 5 Elephants
15,88950,0.5,1316395783,'Gator Bait
15,89090,1.5,1367801460,Unknown
15,89337,3.0,1374638024,Blood Ties
15,89470,1.5,1458506641,Unknown
15,89492,5.0,1361078138,This Is 40
15,89745,3.0,1338697857,Unknown
15,89840,1.0,1349048081,Unknown
15,90249,3.5,1338698848,Unknown
15,90266,2.5,1367801470,Unknown
15,90428,4.5,1348977157,Unknown
15,90439,0.5,1361078276,Unknown
15,90531,4.0,1338698144,Unknown
15,90600,3.5,1367801363,Unknown
15,90603,2.5,1348976195,Beauty Is Embarrassing
15,90647,3.0,1374637765,Unknown
15,90746,1.5,1338698014,Unknown
15,90866,1.0,1338698247,Unknown
15,90870,0.5,1465880427,Unknown
15,91500,0.5,1338697915,Unknown
15,91505,1.0,1347936860,Unknown
15,91529,3.0,1345350956,Unknown
15,91535,2.0,1348979143,Unknown
15,91542,1.0,1348976183,Unknown
15,91630,2.5,1338698134,Unknown
15,91653,4.5,1338698154,Unknown
15,91658,4.0,1338698344,Unknown
15,91842,3.0,1338698158,Unknown
15,91869,3.0,1338697924,Unknown
15,92420,1.5,1465880962,Unknown
15,92507,2.5,1338698152,Unknown
15,93326,1.0,1361831455,Unknown
15,93363,1.0,1338699137,Unknown
15,93510,3.0,1338697920,Unknown
15,93721,2.0,1458507291,Unknown
15,93831,2.5,1338697984,Unknown
15,93840,3.5,1338697905,Blind Man
15,94015,1.0,1338697996,Unknown
15,94018,1.0,1338698001,Unknown
15,94478,1.0,1338698006,You Instead
15,94677,4.0,1338697991,Unknown
15,94777,2.5,1338697968,Unknown
15,94780,1.5,1345351002,Unknown
15,94833,1.5,1338697964,Unknown
15,94864,1.5,1345350968,Unknown
15,94959,1.0,1374638428,"Edward, My Son"
15,95105,1.0,1345350979,Unknown
15,95167,1.0,1345350959,Unknown
15,95199,0.5,1465880715,Unknown
15,95311,1.5,1347937652,Unknown
15,95443,0.5,1357109952,Unknown
15,95510,3.5,1345350961,Unknown
15,95558,1.0,1357109941,Unknown
15,95875,1.5,1345350995,Unknown
15,96079,3.0,1361831420,Unknown
15,96150,2.0,1345350973,Unknown
15,96488,3.5,1361076608,Unknown
15,96610,1.5,1374637996,Unknown
15,96667,2.5,1357109969,Unknown
15,96737,2.5,1458506349,Unknown
15,97304,2.5,1367764836,Unknown
15,97393,3.5,1386368013,Unknown
15,97866,3.5,1361076604,Unknown
15,97913,2.5,1426110392,Unknown
15,97923,3.0,1386367936,Unknown
15,97938,2.5,1389482906,Heart of the Country
15,98122,0.5,1465793928,Veerana
15,98154,0.5,1425876388,Unknown
15,98809,0.5,1416119923,Unknown
15,98961,3.0,1367764716,Unknown
15,99007,1.0,1465880234,Unknown
15,99112,3.5,1458506339,Unknown
15,99114,1.5,1425876390,Unknown
15,99149,1.0,1357109923,Unknown
15,99468,2.5,1386368031,Unknown
15,99811,4.0,1361831110,Unknown
15,100032,2.0,1361076617,The Great Los Angeles Earthquake
15,100083,0.5,1465880648,Unknown
15,100365,2.5,1361831156,Unknown
15,100383,1.0,1400818425,Unknown
15,100517,3.0,1381534422,Unknown
15,100556,4.0,1374638046,Unknown
15,100581,1.5,1465793952,Unknown
15,100714,3.0,1386367955,Unknown
15,100745,1.0,1367764695,Unknown
15,101076,3.0,1367764864,Unknown
15,101112,0.5,1465880292,Unknown
15,101362,3.0,1465880371,A Cure for Love
15,101864,3.5,1400818444,Unknown
15,101895,1.0,1386367999,Unknown
15,102123,1.5,1458506656,Unknown
15,102125,2.0,1389482894,Unknown
15,102445,3.0,1386367981,Unknown
15,102800,2.5,1386367968,Unknown
15,102880,0.5,1400818394,Unknown
15,102903,1.0,1458506599,Unknown
15,103042,2.5,1386367923,Unknown
15,103228,5.0,1379040901,Unknown
15,103249,0.5,1465794267,Unknown
15,103253,1.0,1465954520,Unknown
15,103372,1.0,1465880282,Unknown
15,103810,1.5,1465880264,Unknown
15,104211,3.5,1458506673,Berkeley Square
15,104241,1.0,1458506703,Heroic Purgatory
15,104272,3.0,1425875562,Unknown
15,104726,3.0,1381534394,Unknown
15,104841,3.5,1386367735,Unknown
15,104879,4.0,1381534447,Unknown
15,105504,3.5,1425875553,Unknown
15,106072,2.0,1443384429,Unknown
15,106111,1.0,1386367830,Unknown
15,106332,3.5,1386367813,Unknown
15,106489,2.0,1389440765,Unknown
15,106782,3.5,1416120264,Unknown
15,106916,1.5,1416120141,Unknown
15,106920,4.5,1416119571,Unknown
15,107348,0.5,1465881258,Unknown
15,107406,4.0,1425875579,Oscenità
15,107910,4.5,1426110023,Unknown
15,108188,2.0,1416120159,Unknown
15,108190,0.5,1458506323,Unknown
15,108689,0.5,1465954590,Unknown
15,108729,1.0,1465954969,Unknown
15,108932,1.5,1407125286,Unknown
15,108945,1.0,1458506369,Unknown
15,109187,0.5,1465794437,Unknown
15,109374,1.0,1416119568,Unknown
15,109487,3.5,1425875392,Unknown
15,109673,1.5,1416120169,Unknown
15,109687,2.5,1465793948,Unknown
15,109848,3.0,1425875503,Unknown
15,110102,4.0,1416120131,Unknown
15,110127,0.5,1416120162,Unknown
15,110553,0.5,1416120149,Austin High
15,110730,1.0,1416120159,Unknown
15,110771,2.0,1465880696,Unknown
15,111228,2.5,1443385454,Unknown
15,111360,1.0,1425875482,Unknown
15,111362,3.5,1416120099,Unknown
15,111364,4.0,1400818348,Unknown
15,111443,4.0,1407125275,The End
15,111622,4.5,1425875435,Unknown
15,111759,4.5,1416120100,Don Q Son of Zorro
15,111781,4.5,1443384269,Unknown
15,112138,3.5,1407125270,Unknown
15,112171,2.5,1425875460,Unknown
15,112183,2.0,1426110071,Unknown
15,112370,3.5,1416120171,Unknown
15,112552,1.5,1443384078,Unknown
15,112556,4.5,1425875403,Unknown
15,112623,4.0,1407125273,Unknown
15,112788,1.0,1465880699,Unknown
15,112852,4.5,1416119564,Unknown
15,112940,1.5,1425875476,Unknown
15,113345,0.5,1465794105,Unknown
15,113348,2.0,1425875488,Unknown
15,113378,0.5,1425875497,Unknown
15,113741,1.0,1425875574,Unknown
15,114180,1.0,1465793290,Unknown
15,114635,4.0,1416120202,Unknown
15,115149,4.0,1425875463,Unknown
15,115502,3.5,1443384500,Unknown
15,115569,5.0,1425875406,Unknown
15,115617,1.5,1425875413,Unknown
15,115713,3.5,1443384091,Unknown
15,116161,1.0,1425875458,Unknown
15,116797,0.5,1425875401,Unknown
15,116799,0.5,1465794406,Unknown
15,116823,0.5,1425875449,Unknown
15,116897,4.5,1443384373,Unknown
15,117176,1.0,1425875426,Unknown
15,117529,4.0,1443384296,Unknown
15,117533,3.5,1443384084,Unknown
15,118696,1.5,1443384307,Unknown
15,119141,2.0,1443384336,Unknown
15,119145,1.5,1425875443,Unknown
15,120466,1.5,1443384294,Unknown
15,120799,3.0,1443384317,Unknown
15,121171,3.0,1465793971,Unknown
15,121231,4.5,1458507341,Unknown
15,122882,1.0,1443384389,Unknown
15,122886,3.5,1458505928,Unknown
15,122890,3.0,1466051442,Unknown
15,122892,3.0,1443384000,Unknown
15,122900,3.0,1443384283,Unknown
15,122902,0.5,1443384352,Unknown
15,122904,1.0,1458505916,Unknown
15,122920,3.0,1465793115,Unknown
15,122924,2.5,1465793601,One in the Chamber
15,127136,1.0,1443385387,Unknown
15,128360,2.5,1458505982,Unknown
15,129937,1.5,1443384322,Unknown
15,130452,2.0,1458506093,Gold Diggers in Paris
15,130490,0.5,1465794100,Unknown
15,130576,2.0,1465793706,Unknown
15,130634,2.0,1458506081,Unknown
15,131013,3.0,1443384337,Unknown
15,132046,0.5,1465794103,Unknown
15,132480,3.0,1458506026,Unknown
15,132796,3.0,1443384330,Unknown
15,132961,3.0,1458507347,The Caine Mutiny Court-Martial
15,134130,3.5,1458505912,Unknown
15,134368,4.5,1443384275,One Tough Cop
15,134393,4.0,1458506097,Unknown
15,134853,1.0,1458505921,Unknown
15,135133,0.5,1465794150,Unknown
15,135436,1.0,1469330276,Unknown
15,135567,3.0,1467259301,Unknown
15,135569,3.0,1469330245,Unknown
15,136020,3.0,1458506089,Unknown
15,136562,1.5,1458506078,Unknown
15,136864,3.0,1465793719,Unknown
15,137337,3.5,1458505989,Unknown
15,137857,3.0,1465793116,Unknown
15,138036,1.0,1443384531,Unknown
15,139385,2.5,1458505973,Unknown
15,139644,3.0,1458505986,Unknown
15,139757,3.5,1465793975,Unknown
15,139855,2.0,1458506009,Unknown
15,140110,2.5,1465956541,Unknown
15,140174,4.0,1458505917,Rise of the Zombies
15,140267,4.0,1465793185,Unknown
15,140711,2.5,1443384516,Unknown
15,140928,0.5,1465793205,Unknown
15,142488,3.5,1458505911,Unknown
15,142507,3.0,1465793179,Exit
15,143385,2.5,1458506017,Unknown
15,145839,1.0,1465793183,Unknown
15,145935,3.0,1465793201,Unknown
15,146656,3.5,1458506016,Unknown
15,148626,3.5,1458505924,Unknown
15,149352,3.0,1465793208,Unknown
15,149354,3.5,1458506107,Unknown
15,149406,4.0,1465793192,Unknown
15,152057,0.5,1465793700,Unknown
15,152077,2.0,1465793170,Unknown
15,152079,1.5,1465880375,Unknown
15,152081,3.0,1460076733,Unknown
15,155820,1.0,1465793639,Unknown
15,156607,0.5,1465793691,Unknown
15,156609,3.5,1465793621,Unknown
15,157200,1.5,1465793612,Unknown
15,157296,2.0,1467259316,Unknown
15,157667,1.5,1465793630,Unknown
15,158238,3.5,1465794051,Stolen Seas
15,158528,3.5,1467259294,Unknown
15,159093,1.0,1465793091,Unknown
15,159690,2.0,1465880080,Unknown
15,159755,1.0,1465793093,Unknown
15,159858,4.0,1466802910,Unknown
15,159972,0.5,1469330481,Unknown
15,160080,1.0,1469330238,Unknown
15,160271,2.5,1466802905,Unknown
15,160563,1.0,1469330270,Unknown
15,160565,2.0,1469330266,Unknown
15,160567,4.0,1469330242,Unknown
15,161155,0.5,1469330307,Unknown
16,50,4.5,1178364904,Unknown
16,318,4.0,1178364881,The Million Dollar Hotel
16,337,4.0,1137577638,Monsieur Ibrahim
16,527,4.0,1178364921,Once Were Warriors
16,750,4.0,1137577630,Murder She Said
16,1653,5.0,1137577694,The Motorcycle Diaries
16,1704,5.0,1178363907,Unknown
16,1961,3.5,1178364916,My Name Is Bruce
16,2012,4.0,1137577687,Silent Light
16,2278,3.5,1137577912,Unknown
16,2539,4.0,1137577918,Spanglish
16,2706,5.0,1137577616,Unknown
16,2797,3.0,1137577645,Unknown
16,2858,4.0,1148214528,Unknown
16,3623,4.0,1137577753,Unknown
16,4014,3.5,1137577979,Unknown
16,4231,4.5,1148214227,Unknown
16,4246,4.0,1137577889,Unknown
16,4718,4.5,1148214543,Unknown
16,4738,4.5,1148214272,Unknown
16,4772,5.0,1148214289,Cul-de-sac
16,4823,4.0,1148214251,Final Analysis
16,4995,4.5,1178364909,Boogie Nights
16,5349,3.0,1137577776,Unknown
16,5445,4.5,1137577730,Unknown
16,6016,4.0,1178364961,The Good Thief
16,6711,4.5,1137578034,Unknown
16,6874,3.5,1137577905,Unknown
16,7346,4.0,1148214661,Sparrow
17,6,4.5,1127469542,Judgment Night
17,25,4.5,1127469531,Jarhead
17,29,4.5,1127470880,Unknown
17,32,4.5,1127469436,Unknown
17,36,4.5,1127469535,Unknown
17,47,5.0,1127469246,Unknown
17,50,5.0,1127469450,Unknown
17,111,5.0,1127469023,Scarface
17,170,4.0,1127470242,28 Days Later
17,172,3.5,1127468646,Star Trek V: The Final Frontier
17,185,3.0,1127469509,A Clockwork Orange
17,194,4.0,1127470280,Amélie
17,198,5.0,1127468896,To Be or Not to Be
17,223,2.5,1127469577,Rebecca
17,235,5.0,1127469684,Stand by Me
17,247,2.0,1127471027,The Killing
17,260,3.5,1127474688,The 39 Steps
17,288,2.0,1127469552,High Noon
17,293,4.0,1127469604,A River Runs Through It
17,296,5.0,1127469297,Terminator 3: Rise of the Machines
17,307,3.5,1127471192,"Rome, Open City"
17,318,5.0,1127469420,The Million Dollar Hotel
17,348,3.5,1127470013,Alien
17,356,2.5,1127469401,Unknown
17,377,0.5,1127469444,A Nightmare on Elm Street
17,431,4.5,1127471468,Cube
17,480,0.5,1127469407,Monsoon Wedding
17,482,0.5,1127475344,Shaft
17,492,5.0,1127472949,Being John Malkovich
17,527,4.0,1127469434,Once Were Warriors
17,541,5.0,1127469561,The Man with the Golden Arm
17,555,4.0,1127469779,Unknown
17,590,3.0,1127469416,The Hours
17,593,4.5,1127469396,Solaris
17,608,3.5,1127469440,Men in Black II
17,680,4.5,1127472555,Pulp Fiction
17,714,4.5,1127473893,Tomorrow Never Dies
17,736,2.5,1127469466,Unknown
17,778,4.5,1127469230,Monsieur  Hulot's Holiday
17,858,5.0,1127469000,Sleepless in Seattle
17,866,4.5,1127470263,Finding Neverland
17,903,5.0,1127468839,Cool Hand Luke
17,904,4.5,1127468627,Unknown
17,908,5.0,1127468595,Unknown
17,910,3.5,1127470036,The Big Sleep
17,912,4.5,1127471471,The Thomas Crown Affair
17,913,5.0,1127468808,The Thomas Crown Affair
17,922,5.0,1127468822,Dead Man
17,923,4.5,1127469756,Dawn of the Dead
17,924,4.5,1127469594,Dawn of the Dead
17,928,4.5,1127471079,Gremlins 2: The New Batch
17,930,3.5,1127472146,Unknown
17,931,4.5,1127474822,Don't Look Now
17,942,3.5,1127470622,Lethal Weapon 2
17,965,3.5,1127470607,The Magnificent Ambersons
17,1036,2.5,1127473110,Unknown
17,1077,4.0,1127473686,Unknown
17,1079,2.5,1127469628,Unknown
17,1089,5.0,1127469308,Point Break
17,1092,4.0,1127469973,The Third Man
17,1095,2.0,1127471148,Unknown
17,1104,3.5,1127470400,Unknown
17,1136,5.0,1127469568,Unknown
17,1173,1.0,1127472932,Unknown
17,1175,4.5,1127470987,Unknown
17,1193,4.5,1127469556,Unknown
17,1199,4.5,1127469923,Unknown
17,1206,5.0,1127469650,Unknown
17,1210,3.5,1127473503,Unknown
17,1212,5.0,1127468800,Unknown
17,1213,5.0,1127469622,The Talented Mr. Ripley
17,1218,4.0,1127474633,Unknown
17,1220,4.0,1127469667,Unknown
17,1221,5.0,1127469002,Unknown
17,1230,5.0,1127469749,Unknown
17,1232,5.0,1127471445,Unknown
17,1235,5.0,1127470230,Unknown
17,1237,5.0,1127469169,Unknown
17,1240,3.0,1127474779,Unknown
17,1241,0.5,1127472490,Unknown
17,1244,4.0,1127470206,Eight Miles High
17,1245,4.0,1127470820,The Remains of the Day
17,1246,5.0,1127469721,Rocky Balboa
17,1248,5.0,1127468791,Hannibal Rising
17,1249,2.5,1127470114,Hollywoodland
17,1251,3.5,1127470489,Letters from Iwo Jima
17,1252,5.0,1127468638,Lonely Hearts
17,1255,2.0,1127472442,The Host
17,1258,3.5,1127469694,Unknown
17,1263,4.5,1127470072,Unknown
17,1265,4.5,1127469234,Bridge to Terabithia
17,1267,5.0,1127470095,Meet the Robinsons
17,1270,4.5,1127469473,Unknown
17,1298,4.5,1127473670,Unknown
17,1333,2.0,1127470062,Unknown
17,1348,5.0,1127470930,Unknown
17,1396,3.0,1127468688,Mirror
17,1411,5.0,1127473298,The Rapture
17,1464,5.0,1127468930,Unknown
17,1466,4.5,1127469223,Unknown
17,1517,3.0,1127469661,Unknown
17,1570,2.5,1127475516,Unknown
17,1580,2.5,1127469521,Rope
17,1597,2.5,1127469976,Meet the Parents
17,1617,4.5,1127469527,Unknown
17,1625,5.0,1127469905,Unknown
17,1627,4.0,1127471602,The Wild Child
17,1645,3.5,1127469988,A Time to Kill
17,1653,5.0,1127468587,The Motorcycle Diaries
17,1673,4.5,1127469912,Comanche Station
17,1674,4.5,1127474863,Unknown
17,1704,4.0,1127469601,Unknown
17,1721,0.5,1127472770,All the Way Boys
17,1729,2.5,1127470069,The Forbidden Kingdom
17,1732,4.0,1127468617,The Prisoner of Zenda
17,1748,4.5,1127470043,Unknown
17,1809,3.0,1127469129,The Rules of Attraction
17,1834,4.5,1127471258,"Murder, My Sweet"
17,1884,5.0,1127472570,The Ewok Adventure
17,1921,5.0,1127470262,Sweet November
17,1923,3.0,1127469612,Twin Peaks: Fire Walk with Me
17,1997,4.0,1127469217,Two Brothers
17,2010,5.0,1127470918,The Mourning Forest
17,2011,4.0,1127469773,Persepolis
17,2012,4.0,1127469738,Silent Light
17,2021,3.5,1127473090,Jack & Sarah
17,2023,4.0,1127469006,Hidalgo
17,2028,3.5,1127469494,Say Anything...
17,2066,5.0,1127468880,Unknown
17,2067,4.5,1127470656,Mission to Mars
17,2076,5.0,1127468938,Unknown
17,2110,3.5,1127475491,Wasabi
17,2117,4.5,1127474890,Sophie Scholl: The Final Days
17,2118,4.0,1127472523,L.A. Confidential
17,2159,2.5,1127473955,Unknown
17,2160,4.5,1127469357,Voyage to the Bottom of the Sea
17,2167,2.0,1127470030,Unknown
17,2204,4.5,1127474873,Alice in the Cities
17,2232,4.5,1127474381,The Legend of Paul and Paula
17,2278,3.5,1127470130,Unknown
17,2324,4.5,1127469815,Local Color
17,2329,4.0,1127469961,Unknown
17,2353,3.5,1127468671,Unknown
17,2396,4.5,1127469563,Unknown
17,2455,4.0,1127470079,Confidentially Yours
17,2467,5.0,1127469379,Unknown
17,2490,4.0,1127470158,Unknown
17,2502,1.0,1127469848,The Bourne Supremacy
17,2539,2.5,1127470166,Spanglish
17,2551,5.0,1127472530,Unknown
17,2571,5.0,1127469486,Unknown
17,2579,5.0,1127470677,Unknown
17,2594,5.0,1127470875,Monsieur Batignole
17,2600,5.0,1127468906,Unknown
17,2606,3.0,1127472715,Unknown
17,2657,3.0,1127469890,Pleasantville
17,2672,3.5,1127473623,Unknown
17,2677,4.0,1127473860,Unknown
17,2683,3.0,1127469619,Unknown
17,2692,4.5,1127469870,The Red Elvis
17,2707,3.5,1127473627,Unknown
17,2710,3.5,1127469711,Unknown
17,2712,3.0,1127469824,Unknown
17,2726,4.5,1127474088,Unknown
17,2762,4.5,1127469504,Young and Innocent
17,2791,2.0,1127469746,The Chronicles of Riddick: Dark Fury
17,2858,4.5,1127469479,Unknown
17,2892,3.5,1127469374,Angel Baby
17,2916,4.0,1127469652,Unknown
17,2918,3.0,1127469690,Unknown
17,2952,2.5,1127472212,Unknown
17,2959,5.0,1127469609,License to Wed
17,2973,5.0,1127471286,Aelita: Queen of Mars
17,2997,5.0,1127469583,Unknown
17,3018,4.0,1127476640,Unknown
17,3134,5.0,1127471284,Baise-moi
17,3147,4.0,1127469868,Unknown
17,3160,2.5,1127470023,Frankenstein Conquers the World
17,3253,2.0,1127469202,Unknown
17,3262,4.5,1127472389,Unknown
17,3267,4.0,1127474810,Unknown
17,3328,4.0,1127469266,Unknown
17,3386,4.0,1127473609,Unknown
17,3408,2.5,1127469817,Unknown
17,3435,5.0,1127468813,Unknown
17,3476,4.5,1127473589,That Most Important Thing: Love
17,3503,4.5,1127471452,Unknown
17,3504,3.5,1127470537,Unknown
17,3535,4.5,1127470423,Unknown
17,3578,4.0,1127469591,The Tunnel
17,3598,4.0,1127473228,Lost Horizon
17,3676,5.0,1127472406,Unknown
17,3730,3.0,1127472085,Unknown
17,3735,4.0,1127470532,Unknown
17,3742,4.0,1127468949,Unknown
17,3785,3.5,1127470327,Unknown
17,3788,4.5,1127470461,Unknown
17,3863,3.5,1127470285,Unknown
17,3949,4.0,1127470334,Unknown
17,3977,1.0,1127468701,Unknown
17,3994,4.0,1127469984,Unknown
17,3996,4.5,1127469664,Unknown
17,4027,1.5,1127469852,Unknown
17,4034,4.0,1127468683,That Man from Rio
17,4037,4.5,1127471074,Unknown
17,4210,3.0,1127475013,Unknown
17,4226,5.0,1127469783,Shriek If You Know What I Did Last Friday the Thirteenth
17,4239,3.5,1127470473,Unknown
17,4246,0.5,1127470119,Unknown
17,4262,5.0,1127470830,Unknown
17,4306,3.5,1127471221,Unknown
17,4404,5.0,1127471153,Unknown
17,4437,5.0,1127469334,2010
17,4546,4.5,1127470728,The Count of Monte-Cristo
17,4552,4.0,1127474968,A Tale of Two Sisters
17,4645,4.5,1127474815,Ödipussi
17,4725,4.5,1127475151,Unknown
17,4848,5.0,1127468922,Unknown
17,4878,4.0,1127470287,Unknown
17,4886,3.5,1127473495,And Then There Were None
17,4896,0.5,1127470004,Muxmäuschenstill
17,4914,5.0,1127471176,Unknown
17,4963,4.0,1127469940,Unknown
17,4973,4.5,1127470007,Under the Sand
17,4975,4.0,1127475485,Love Is the Devil: Study for a Portrait of Francis Bacon
17,4993,4.5,1127469643,5 Card Stud
17,4995,3.0,1127473364,Boogie Nights
17,5015,4.0,1127473564,Unknown
17,5017,5.0,1127470960,Unknown
17,5054,4.0,1127475207,Unknown
17,5060,0.5,1127469827,Carry On Screaming
17,5062,5.0,1127472353,The Inquisitor
17,5072,2.5,1127474324,Severance
17,5105,5.0,1127475000,Unknown
17,5137,4.5,1127471041,Sky Captain and the World of Tomorrow
17,5254,2.5,1127473845,Unknown
17,5266,3.0,1127475457,Unknown
17,5299,0.5,1127470247,Unknown
17,5316,1.5,1127475188,Unknown
17,5349,1.5,1127469195,Unknown
17,5388,4.0,1127473818,Unknown
17,5418,3.5,1127470134,Unknown
17,5445,4.5,1127468673,Unknown
17,5464,4.0,1127471240,Unknown
17,5502,0.5,1127470299,Unknown
17,5574,2.0,1127473010,Unknown
17,5608,4.5,1127470799,"The Nibelungs, Tale 1: Siegfried"
17,5630,4.0,1127475183,Unknown
17,5669,4.5,1127470238,Unknown
17,5679,4.0,1127472858,Unknown
17,5686,2.5,1127475440,A Night in Heaven
17,5782,4.5,1127470685,Unknown
17,5809,2.0,1127473119,Unknown
17,5853,3.0,1127472423,Unknown
17,5867,4.0,1127471265,Unknown
17,5881,4.0,1127471454,Twice Upon a Time
17,5893,2.0,1127471062,Unknown
17,5903,3.5,1127475067,Unknown
17,5949,4.5,1127474818,Unknown
17,5952,4.5,1127469753,Unknown
17,6016,5.0,1127470498,The Good Thief
17,6059,3.5,1127474362,Unknown
17,6140,4.0,1127474765,Unknown
17,6197,4.5,1127475051,Unknown
17,6214,3.0,1127474841,Unknown
17,6242,4.0,1127472872,Unknown
17,6281,3.5,1127475334,Unknown
17,6287,1.0,1127472991,Unknown
17,6294,0.5,1127472976,Unknown
17,6322,2.0,1127475308,Unknown
17,6323,2.0,1127473829,Unknown
17,6365,2.0,1127470144,Unknown
17,6378,2.0,1127472896,Unknown
17,6383,0.5,1127472979,Unknown
17,6385,4.0,1127470895,Unknown
17,6502,3.0,1127469259,Unknown
17,6503,0.5,1127473548,Unknown
17,6530,5.0,1127474791,Unknown
17,6538,4.0,1127474916,Charlie Wilson's War
17,6584,3.5,1127475452,Unknown
17,6643,4.5,1127468985,The Unforgiven
17,6666,4.5,1127474277,Unknown
17,6708,3.5,1127471196,Unknown
17,6711,1.5,1127470254,Unknown
17,6757,4.0,1127473461,Unknown
17,6774,4.0,1127472413,Unknown
17,6777,4.0,1127472303,Unknown
17,6790,3.5,1127475092,Unknown
17,6858,2.0,1127471327,Unknown
17,6874,4.5,1127470187,Unknown
17,6971,5.0,1127471166,Unknown
17,6975,3.5,1127475055,Unknown
17,6979,3.5,1127473832,Unknown
17,6987,5.0,1127470752,Unknown
17,6993,4.0,1127471083,Unknown
17,7003,4.0,1127475101,Unknown
17,7013,2.5,1127470546,Unknown
17,7022,4.5,1127470734,Unknown
17,7044,2.5,1127474852,Unknown
17,7068,4.5,1127474908,Unknown
17,7069,4.5,1127470872,Unknown
17,7084,3.5,1127471213,Unknown
17,7090,4.0,1127472094,Ken Park
17,7115,4.5,1127469062,Unknown
17,7116,4.5,1127470554,Unknown
17,7123,5.0,1127474398,Unknown
17,7135,4.5,1127471109,Unknown
17,7153,4.5,1127470693,Unknown
17,7163,2.0,1127473904,Unknown
